Model,Val_Precision,Val_Recall,Val_F1,Val_ROC_AUC,Val_PR_AUC,Test_Precision,Test_Recall,Test_F1,Test_ROC_AUC,Test_PR_AUC
XGBoost (Tuned),0.9933774834437086,1.0,0.9966777408637874,0.9999998857769452,0.9999944490663708,0.7517006802721088,0.3784246575342466,0.5034168564920274,0.9259592822855454,0.5481875148847299
LightGBM (Baseline),0.35960044395116536,0.54,0.43171219187208526,0.9156386972479859,0.49258978990291324,0.16302952503209242,0.21746575342465754,0.1863536316947909,0.7924867335297153,0.15562750051817922
Simple Averaging,0.9867330016583747,0.9916666666666667,0.9891936824605154,0.9999228994380226,0.9966030842208613,0.6554307116104869,0.2996575342465753,0.4112808460634548,0.8723905859013694,0.4010664805273478
Weighted (Perf-based),0.9868421052631579,1.0,0.9933774834437086,0.9999382814760664,0.9972547202725328,0.6691449814126395,0.3082191780821918,0.4220398593200469,0.8744529439410438,0.4113723990369541
Optimized Weighted,0.9867330016583747,0.9916666666666667,0.9891936824605154,0.9999228994380225,0.9966030842208614,0.6554307116104869,0.2996575342465753,0.4112808460634548,0.8723905859013694,0.40106648052734784
Soft Voting,0.9867330016583747,0.9916666666666667,0.9891936824605154,0.9999228994380226,0.9966030842208613,0.6554307116104869,0.2996575342465753,0.4112808460634548,0.8723905859013694,0.4010664805273478
Hard Voting,0.9878048780487805,0.54,0.6982758620689655,0.9999228994380226,0.9966030842208613,0.7092198581560284,0.17123287671232876,0.27586206896551724,0.8723905859013694,0.4010664805273478
Stacking,0.9900990099009901,1.0,0.9950248756218906,0.9999783356939431,0.9989298283449248,0.7262773722627737,0.3407534246575342,0.46386946386946387,0.8875125000144342,0.46753345921677575
